<?xml version="1.0" encoding="UTF-8"?>
<metadata xml:lang="en"><Esri><CreaDate>20160727</CreaDate><CreaTime>09124600</CreaTime><ArcGISFormat>1.0</ArcGISFormat><ArcGISstyle>North American Profile of ISO19115 2003</ArcGISstyle><SyncOnce>FALSE</SyncOnce><DataProperties><lineage><Process ToolSource="c:\program files (x86)\arcgis\desktop10.1\ArcToolbox\Toolboxes\Data Management Tools.tbx\DefineProjection" Date="20140324" Time="142603">DefineProjection "Database Connections/VISITOR@GISPUBD.sde/VISITOR.PV_ASSET" GEOGCS['GCS_GDA_1994',DATUM['D_GDA_1994',SPHEROID['GRS_1980',6378137.0,298.257222101]],PRIMEM['Greenwich',0.0],UNIT['Degree',0.0174532925199433]]</Process><Process ToolSource="c:\program files (x86)\arcgis\desktop10.1\ArcToolbox\Toolboxes\Conversion Tools.tbx\FeatureClassToFeatureClass" Date="20140326" Time="115752">FeatureClassToFeatureClass "Database Connections\VISITOR@GISPUBD.sde\VISITOR.PV_ASSET" "Database Connections\VISITOR@GISPUBT.sde" PV_ASSET # "REGION_NAME "REGION_NAME" true true false 255 Text 0 0 ,First,#,Database Connections\VISITOR@GISPUBD.sde\VISITOR.PV_ASSET,REGION_NAME,-1,-1;DISTRICT_NAME "DISTRICT_NAME" true true false 255 Text 0 0 ,First,#,Database Connections\VISITOR@GISPUBD.sde\VISITOR.PV_ASSET,DISTRICT_NAME,-1,-1;RIC_AREA_NAME "RIC_AREA_NAME" true true false 255 Text 0 0 ,First,#,Database Connections\VISITOR@GISPUBD.sde\VISITOR.PV_ASSET,RIC_AREA_NAME,-1,-1;PARK_NAME "PARK_NAME" true true false 255 Text 0 0 ,First,#,Database Connections\VISITOR@GISPUBD.sde\VISITOR.PV_ASSET,PARK_NAME,-1,-1;PARK_ID "PARK_ID" true true false 8 Double 8 38 ,First,#,Database Connections\VISITOR@GISPUBD.sde\VISITOR.PV_ASSET,PARK_ID,-1,-1;SITE_NAME "SITE_NAME" true true false 255 Text 0 0 ,First,#,Database Connections\VISITOR@GISPUBD.sde\VISITOR.PV_ASSET,SITE_NAME,-1,-1;ASSET_ID "ASSET_ID" true true false 8 Double 8 38 ,First,#,Database Connections\VISITOR@GISPUBD.sde\VISITOR.PV_ASSET,ASSET_ID,-1,-1;ASSET_CLASS "ASSET_CLASS" true true false 255 Text 0 0 ,First,#,Database Connections\VISITOR@GISPUBD.sde\VISITOR.PV_ASSET,ASSET_CLASS,-1,-1;ASSET_TYPE "ASSET_TYPE" true true false 255 Text 0 0 ,First,#,Database Connections\VISITOR@GISPUBD.sde\VISITOR.PV_ASSET,ASSET_TYPE,-1,-1;ASSET_DESCRIPTION "ASSET_DESCRIPTION" true true false 255 Text 0 0 ,First,#,Database Connections\VISITOR@GISPUBD.sde\VISITOR.PV_ASSET,ASSET_DESCRIPTION,-1,-1;ASSET_OWNER "ASSET_OWNER" true true false 255 Text 0 0 ,First,#,Database Connections\VISITOR@GISPUBD.sde\VISITOR.PV_ASSET,ASSET_OWNER,-1,-1;LEASED "LEASED" true true false 255 Text 0 0 ,First,#,Database Connections\VISITOR@GISPUBD.sde\VISITOR.PV_ASSET,LEASED,-1,-1;HERITAGE_VALUES "HERITAGE_VALUES" true true false 255 Text 0 0 ,First,#,Database Connections\VISITOR@GISPUBD.sde\VISITOR.PV_ASSET,HERITAGE_VALUES,-1,-1;ASSET_RECORD_STATUS "ASSET_RECORD_STATUS" true true false 255 Text 0 0 ,First,#,Database Connections\VISITOR@GISPUBD.sde\VISITOR.PV_ASSET,ASSET_RECORD_STATUS,-1,-1;EST_REPLACEMENT_VALUE "EST_REPLACEMENT_VALUE" true true false 8 Double 8 38 ,First,#,Database Connections\VISITOR@GISPUBD.sde\VISITOR.PV_ASSET,EST_REPLACEMENT_VALUE,-1,-1;LOCATION_CAPTURE_METHOD "LOCATION_CAPTURE_METHOD" true true false 255 Text 0 0 ,First,#,Database Connections\VISITOR@GISPUBD.sde\VISITOR.PV_ASSET,LOCATION_CAPTURE_METHOD,-1,-1;MGA_ZONE "MGA_ZONE" true true false 20 Text 0 0 ,First,#,Database Connections\VISITOR@GISPUBD.sde\VISITOR.PV_ASSET,MGA_ZONE,-1,-1;MGA_EASTING "MGA_EASTING" true true false 8 Double 8 38 ,First,#,Database Connections\VISITOR@GISPUBD.sde\VISITOR.PV_ASSET,MGA_EASTING,-1,-1;MGA_NORTHING "MGA_NORTHING" true true false 8 Double 8 38 ,First,#,Database Connections\VISITOR@GISPUBD.sde\VISITOR.PV_ASSET,MGA_NORTHING,-1,-1;OVERALL_CONDITION "OVERALL_CONDITION" true true false 255 Text 0 0 ,First,#,Database Connections\VISITOR@GISPUBD.sde\VISITOR.PV_ASSET,OVERALL_CONDITION,-1,-1;CONDITION_COMMENT "CONDITION_COMMENT" true true false 255 Text 0 0 ,First,#,Database Connections\VISITOR@GISPUBD.sde\VISITOR.PV_ASSET,CONDITION_COMMENT,-1,-1;DATE_ASSET_CONDITION_UPDATED "DATE_ASSET_CONDITION_UPDATED" true true false 255 Text 0 0 ,First,#,Database Connections\VISITOR@GISPUBD.sde\VISITOR.PV_ASSET,DATE_ASSET_CONDITION_UPDATED,-1,-1;PV_FIELD_INSPECTOR "PV_FIELD_INSPECTOR" true true false 255 Text 0 0 ,First,#,Database Connections\VISITOR@GISPUBD.sde\VISITOR.PV_ASSET,PV_FIELD_INSPECTOR,-1,-1;DATE_LAST_PV_FIELD_INSPECTION "DATE_LAST_PV_FIELD_INSPECTION" true true false 36 Date 0 0 ,First,#,Database Connections\VISITOR@GISPUBD.sde\VISITOR.PV_ASSET,DATE_LAST_PV_FIELD_INSPECTION,-1,-1;PV_MANAGEMENT_COMMENT "PV_MANAGEMENT_COMMENT" true true false 255 Text 0 0 ,First,#,Database Connections\VISITOR@GISPUBD.sde\VISITOR.PV_ASSET,PV_MANAGEMENT_COMMENT,-1,-1;DATE_OF_MANAGEMENT_COMMENT "DATE_OF_MANAGEMENT_COMMENT" true true false 36 Date 0 0 ,First,#,Database Connections\VISITOR@GISPUBD.sde\VISITOR.PV_ASSET,DATE_OF_MANAGEMENT_COMMENT,-1,-1;DAMAGE_BY_EVENT_FFS "DAMAGE_BY_EVENT_FFS" true true false 255 Text 0 0 ,First,#,Database Connections\VISITOR@GISPUBD.sde\VISITOR.PV_ASSET,DAMAGE_BY_EVENT_FFS,-1,-1;ASSET_OPERATIONAL_STATUS "ASSET_OPERATIONAL_STATUS" true true false 255 Text 0 0 ,First,#,Database Connections\VISITOR@GISPUBD.sde\VISITOR.PV_ASSET,ASSET_OPERATIONAL_STATUS,-1,-1;DATE_OPERATIONAL_STATUS "DATE_OPERATIONAL_STATUS" true true false 36 Date 0 0 ,First,#,Database Connections\VISITOR@GISPUBD.sde\VISITOR.PV_ASSET,DATE_OPERATIONAL_STATUS,-1,-1;TECH_ASSESS_COMPLETED "TECH_ASSESS_COMPLETED" true true false 255 Text 0 0 ,First,#,Database Connections\VISITOR@GISPUBD.sde\VISITOR.PV_ASSET,TECH_ASSESS_COMPLETED,-1,-1;TECH_ASSESS_CONDITION_RATING "TECH_ASSESS_CONDITION_RATING" true true false 255 Text 0 0 ,First,#,Database Connections\VISITOR@GISPUBD.sde\VISITOR.PV_ASSET,TECH_ASSESS_CONDITION_RATING,-1,-1;DATE_OF_LAST_TECH_ASSESS "DATE_OF_LAST_TECH_ASSESS" true true false 36 Date 0 0 ,First,#,Database Connections\VISITOR@GISPUBD.sde\VISITOR.PV_ASSET,DATE_OF_LAST_TECH_ASSESS,-1,-1;DUE_DATE_NEXT_TECH_ASSESS "DUE_DATE_NEXT_TECH_ASSESS" true true false 36 Date 0 0 ,First,#,Database Connections\VISITOR@GISPUBD.sde\VISITOR.PV_ASSET,DUE_DATE_NEXT_TECH_ASSESS,-1,-1;PV_MGT_ACTIONS_COMPLETED "PV_MGT_ACTIONS_COMPLETED" true true false 255 Text 0 0 ,First,#,Database Connections\VISITOR@GISPUBD.sde\VISITOR.PV_ASSET,PV_MGT_ACTIONS_COMPLETED,-1,-1;DATE_ASSET_DETAIL_UPDATED "DATE_ASSET_DETAIL_UPDATED" true true false 36 Date 0 0 ,First,#,Database Connections\VISITOR@GISPUBD.sde\VISITOR.PV_ASSET,DATE_ASSET_DETAIL_UPDATED,-1,-1;ASSET_DETAIL_UPDATED_BY "ASSET_DETAIL_UPDATED_BY" true true false 225 Text 0 0 ,First,#,Database Connections\VISITOR@GISPUBD.sde\VISITOR.PV_ASSET,ASSET_DETAIL_UPDATED_BY,-1,-1;OLD_ASSET_ID "OLD_ASSET_ID" true true false 255 Text 0 0 ,First,#,Database Connections\VISITOR@GISPUBD.sde\VISITOR.PV_ASSET,OLD_ASSET_ID,-1,-1;PLUGIN_PHOTO "PLUGIN_PHOTO" true true false 255 Text 0 0 ,First,#,Database Connections\VISITOR@GISPUBD.sde\VISITOR.PV_ASSET,PLUGIN_PHOTO,-1,-1;SE_ANNO_CAD_DATA "SE_ANNO_CAD_DATA" true true false 0 Blob 0 0 ,First,#,Database Connections\VISITOR@GISPUBD.sde\VISITOR.PV_ASSET,SE_ANNO_CAD_DATA,-1,-1" SDO_GEOMETRY_4283</Process><Process ToolSource="c:\program files (x86)\arcgis\desktop10.1\ArcToolbox\Toolboxes\Conversion Tools.tbx\FeatureClassToFeatureClass" Date="20140331" Time="153019">FeatureClassToFeatureClass "Database Connections\VISITOR@GISPUBT.sde\VISITOR.PV_ASSET" "Database Connections\VISITOR@GISPUBP.sde" PV_ASSET # "REGION_NAME "REGION_NAME" true true false 255 Text 0 0 ,First,#,Database Connections\VISITOR@GISPUBT.sde\VISITOR.PV_ASSET,REGION_NAME,-1,-1;DISTRICT_NAME "DISTRICT_NAME" true true false 255 Text 0 0 ,First,#,Database Connections\VISITOR@GISPUBT.sde\VISITOR.PV_ASSET,DISTRICT_NAME,-1,-1;RIC_AREA_NAME "RIC_AREA_NAME" true true false 255 Text 0 0 ,First,#,Database Connections\VISITOR@GISPUBT.sde\VISITOR.PV_ASSET,RIC_AREA_NAME,-1,-1;PARK_NAME "PARK_NAME" true true false 255 Text 0 0 ,First,#,Database Connections\VISITOR@GISPUBT.sde\VISITOR.PV_ASSET,PARK_NAME,-1,-1;PARK_ID "PARK_ID" true true false 8 Double 8 38 ,First,#,Database Connections\VISITOR@GISPUBT.sde\VISITOR.PV_ASSET,PARK_ID,-1,-1;SITE_NAME "SITE_NAME" true true false 255 Text 0 0 ,First,#,Database Connections\VISITOR@GISPUBT.sde\VISITOR.PV_ASSET,SITE_NAME,-1,-1;ASSET_ID "ASSET_ID" true true false 8 Double 8 38 ,First,#,Database Connections\VISITOR@GISPUBT.sde\VISITOR.PV_ASSET,ASSET_ID,-1,-1;ASSET_CLASS "ASSET_CLASS" true true false 255 Text 0 0 ,First,#,Database Connections\VISITOR@GISPUBT.sde\VISITOR.PV_ASSET,ASSET_CLASS,-1,-1;ASSET_TYPE "ASSET_TYPE" true true false 255 Text 0 0 ,First,#,Database Connections\VISITOR@GISPUBT.sde\VISITOR.PV_ASSET,ASSET_TYPE,-1,-1;ASSET_DESCRIPTION "ASSET_DESCRIPTION" true true false 255 Text 0 0 ,First,#,Database Connections\VISITOR@GISPUBT.sde\VISITOR.PV_ASSET,ASSET_DESCRIPTION,-1,-1;ASSET_OWNER "ASSET_OWNER" true true false 255 Text 0 0 ,First,#,Database Connections\VISITOR@GISPUBT.sde\VISITOR.PV_ASSET,ASSET_OWNER,-1,-1;LEASED "LEASED" true true false 255 Text 0 0 ,First,#,Database Connections\VISITOR@GISPUBT.sde\VISITOR.PV_ASSET,LEASED,-1,-1;HERITAGE_VALUES "HERITAGE_VALUES" true true false 255 Text 0 0 ,First,#,Database Connections\VISITOR@GISPUBT.sde\VISITOR.PV_ASSET,HERITAGE_VALUES,-1,-1;ASSET_RECORD_STATUS "ASSET_RECORD_STATUS" true true false 255 Text 0 0 ,First,#,Database Connections\VISITOR@GISPUBT.sde\VISITOR.PV_ASSET,ASSET_RECORD_STATUS,-1,-1;EST_REPLACEMENT_VALUE "EST_REPLACEMENT_VALUE" true true false 8 Double 8 38 ,First,#,Database Connections\VISITOR@GISPUBT.sde\VISITOR.PV_ASSET,EST_REPLACEMENT_VALUE,-1,-1;LOCATION_CAPTURE_METHOD "LOCATION_CAPTURE_METHOD" true true false 255 Text 0 0 ,First,#,Database Connections\VISITOR@GISPUBT.sde\VISITOR.PV_ASSET,LOCATION_CAPTURE_METHOD,-1,-1;MGA_ZONE "MGA_ZONE" true true false 20 Text 0 0 ,First,#,Database Connections\VISITOR@GISPUBT.sde\VISITOR.PV_ASSET,MGA_ZONE,-1,-1;MGA_EASTING "MGA_EASTING" true true false 8 Double 8 38 ,First,#,Database Connections\VISITOR@GISPUBT.sde\VISITOR.PV_ASSET,MGA_EASTING,-1,-1;MGA_NORTHING "MGA_NORTHING" true true false 8 Double 8 38 ,First,#,Database Connections\VISITOR@GISPUBT.sde\VISITOR.PV_ASSET,MGA_NORTHING,-1,-1;OVERALL_CONDITION "OVERALL_CONDITION" true true false 255 Text 0 0 ,First,#,Database Connections\VISITOR@GISPUBT.sde\VISITOR.PV_ASSET,OVERALL_CONDITION,-1,-1;CONDITION_COMMENT "CONDITION_COMMENT" true true false 255 Text 0 0 ,First,#,Database Connections\VISITOR@GISPUBT.sde\VISITOR.PV_ASSET,CONDITION_COMMENT,-1,-1;DATE_ASSET_CONDITION_UPDATED "DATE_ASSET_CONDITION_UPDATED" true true false 255 Text 0 0 ,First,#,Database Connections\VISITOR@GISPUBT.sde\VISITOR.PV_ASSET,DATE_ASSET_CONDITION_UPDATED,-1,-1;PV_FIELD_INSPECTOR "PV_FIELD_INSPECTOR" true true false 255 Text 0 0 ,First,#,Database Connections\VISITOR@GISPUBT.sde\VISITOR.PV_ASSET,PV_FIELD_INSPECTOR,-1,-1;DATE_LAST_PV_FIELD_INSPECTION "DATE_LAST_PV_FIELD_INSPECTION" true true false 36 Date 0 0 ,First,#,Database Connections\VISITOR@GISPUBT.sde\VISITOR.PV_ASSET,DATE_LAST_PV_FIELD_INSPECTION,-1,-1;PV_MANAGEMENT_COMMENT "PV_MANAGEMENT_COMMENT" true true false 255 Text 0 0 ,First,#,Database Connections\VISITOR@GISPUBT.sde\VISITOR.PV_ASSET,PV_MANAGEMENT_COMMENT,-1,-1;DATE_OF_MANAGEMENT_COMMENT "DATE_OF_MANAGEMENT_COMMENT" true true false 36 Date 0 0 ,First,#,Database Connections\VISITOR@GISPUBT.sde\VISITOR.PV_ASSET,DATE_OF_MANAGEMENT_COMMENT,-1,-1;DAMAGE_BY_EVENT_FFS "DAMAGE_BY_EVENT_FFS" true true false 255 Text 0 0 ,First,#,Database Connections\VISITOR@GISPUBT.sde\VISITOR.PV_ASSET,DAMAGE_BY_EVENT_FFS,-1,-1;ASSET_OPERATIONAL_STATUS "ASSET_OPERATIONAL_STATUS" true true false 255 Text 0 0 ,First,#,Database Connections\VISITOR@GISPUBT.sde\VISITOR.PV_ASSET,ASSET_OPERATIONAL_STATUS,-1,-1;DATE_OPERATIONAL_STATUS "DATE_OPERATIONAL_STATUS" true true false 36 Date 0 0 ,First,#,Database Connections\VISITOR@GISPUBT.sde\VISITOR.PV_ASSET,DATE_OPERATIONAL_STATUS,-1,-1;TECH_ASSESS_COMPLETED "TECH_ASSESS_COMPLETED" true true false 255 Text 0 0 ,First,#,Database Connections\VISITOR@GISPUBT.sde\VISITOR.PV_ASSET,TECH_ASSESS_COMPLETED,-1,-1;TECH_ASSESS_CONDITION_RATING "TECH_ASSESS_CONDITION_RATING" true true false 255 Text 0 0 ,First,#,Database Connections\VISITOR@GISPUBT.sde\VISITOR.PV_ASSET,TECH_ASSESS_CONDITION_RATING,-1,-1;DATE_OF_LAST_TECH_ASSESS "DATE_OF_LAST_TECH_ASSESS" true true false 36 Date 0 0 ,First,#,Database Connections\VISITOR@GISPUBT.sde\VISITOR.PV_ASSET,DATE_OF_LAST_TECH_ASSESS,-1,-1;DUE_DATE_NEXT_TECH_ASSESS "DUE_DATE_NEXT_TECH_ASSESS" true true false 36 Date 0 0 ,First,#,Database Connections\VISITOR@GISPUBT.sde\VISITOR.PV_ASSET,DUE_DATE_NEXT_TECH_ASSESS,-1,-1;PV_MGT_ACTIONS_COMPLETED "PV_MGT_ACTIONS_COMPLETED" true true false 255 Text 0 0 ,First,#,Database Connections\VISITOR@GISPUBT.sde\VISITOR.PV_ASSET,PV_MGT_ACTIONS_COMPLETED,-1,-1;DATE_ASSET_DETAIL_UPDATED "DATE_ASSET_DETAIL_UPDATED" true true false 36 Date 0 0 ,First,#,Database Connections\VISITOR@GISPUBT.sde\VISITOR.PV_ASSET,DATE_ASSET_DETAIL_UPDATED,-1,-1;ASSET_DETAIL_UPDATED_BY "ASSET_DETAIL_UPDATED_BY" true true false 225 Text 0 0 ,First,#,Database Connections\VISITOR@GISPUBT.sde\VISITOR.PV_ASSET,ASSET_DETAIL_UPDATED_BY,-1,-1;OLD_ASSET_ID "OLD_ASSET_ID" true true false 255 Text 0 0 ,First,#,Database Connections\VISITOR@GISPUBT.sde\VISITOR.PV_ASSET,OLD_ASSET_ID,-1,-1;PLUGIN_PHOTO "PLUGIN_PHOTO" true true false 255 Text 0 0 ,First,#,Database Connections\VISITOR@GISPUBT.sde\VISITOR.PV_ASSET,PLUGIN_PHOTO,-1,-1;SE_ANNO_CAD_DATA "SE_ANNO_CAD_DATA" true true false 0 Blob 0 0 ,First,#,Database Connections\VISITOR@GISPUBT.sde\VISITOR.PV_ASSET,SE_ANNO_CAD_DATA,-1,-1" SDO_GEOMETRY_4283</Process></lineage><itemProps><itemName Sync="TRUE">VISITOR.PV_ASSET</itemName><imsContentType Sync="TRUE">002</imsContentType><itemLocation><linkage Sync="TRUE">file://\\PV70120L\J$\PV\Data Governance\DataVic\Desination\Campgrounds</linkage><protocol Sync="TRUE">Local Area Network</protocol></itemLocation><nativeExtBox><westBL Sync="TRUE">-180.000000</westBL><eastBL Sync="TRUE">180.000000</eastBL><southBL Sync="TRUE">-90.000000</southBL><northBL Sync="TRUE">90.000000</northBL><exTypeCode Sync="TRUE">1</exTypeCode></nativeExtBox></itemProps><coordRef><type Sync="TRUE">Geographic</type><geogcsn Sync="TRUE">GCS_GDA_1994</geogcsn><csUnits Sync="TRUE">Angular Unit: Degree (0.017453)</csUnits><peXml Sync="TRUE">&lt;GeographicCoordinateSystem xsi:type='typens:GeographicCoordinateSystem' xmlns:xsi='http://www.w3.org/2001/XMLSchema-instance' xmlns:xs='http://www.w3.org/2001/XMLSchema' xmlns:typens='http://www.esri.com/schemas/ArcGIS/10.1'&gt;&lt;WKT&gt;GEOGCS[&amp;quot;GCS_GDA_1994&amp;quot;,DATUM[&amp;quot;D_GDA_1994&amp;quot;,SPHEROID[&amp;quot;GRS_1980&amp;quot;,6378137.0,298.257222101]],PRIMEM[&amp;quot;Greenwich&amp;quot;,0.0],UNIT[&amp;quot;Degree&amp;quot;,0.0174532925199433],AUTHORITY[&amp;quot;EPSG&amp;quot;,4283]]&lt;/WKT&gt;&lt;XOrigin&gt;-400&lt;/XOrigin&gt;&lt;YOrigin&gt;-400&lt;/YOrigin&gt;&lt;XYScale&gt;999999999.99999988&lt;/XYScale&gt;&lt;ZOrigin&gt;0&lt;/ZOrigin&gt;&lt;ZScale&gt;1&lt;/ZScale&gt;&lt;MOrigin&gt;0&lt;/MOrigin&gt;&lt;MScale&gt;1&lt;/MScale&gt;&lt;XYTolerance&gt;8.98315284119521e-009&lt;/XYTolerance&gt;&lt;ZTolerance&gt;0.001&lt;/ZTolerance&gt;&lt;MTolerance&gt;0.001&lt;/MTolerance&gt;&lt;HighPrecision&gt;true&lt;/HighPrecision&gt;&lt;LeftLongitude&gt;-180&lt;/LeftLongitude&gt;&lt;WKID&gt;4283&lt;/WKID&gt;&lt;LatestWKID&gt;4283&lt;/LatestWKID&gt;&lt;/GeographicCoordinateSystem&gt;</peXml></coordRef><copyHistory><copy source="J:\PV\Data\Assets\Campgrounds" dest="\\PV70120L\J$\PV\Data Governance\DataVic\Desination\Campgrounds" date="20160727" time="09124600"></copy></copyHistory></DataProperties><SyncDate>20140821</SyncDate><SyncTime>13512600</SyncTime><ModDate>20140821</ModDate><ModTime>13512600</ModTime></Esri><dataIdInfo><envirDesc Sync="TRUE">Microsoft Windows Server 2008 R2 Version 6.1 (Build 7601) Service Pack 1; Esri ArcGIS 10.2.2.3552</envirDesc><dataLang><languageCode value="eng" Sync="TRUE"></languageCode><countryCode value="AUS" Sync="TRUE"></countryCode></dataLang><idCitation><resTitle Sync="TRUE">VISITOR.PV_ASSET</resTitle><presForm><PresFormCd value="005" Sync="TRUE"></PresFormCd></presForm></idCitation><spatRpType><SpatRepTypCd value="001" Sync="TRUE"></SpatRepTypCd></spatRpType><dataExt><geoEle><GeoBndBox esriExtentType="search"><exTypeCode Sync="TRUE">1</exTypeCode><westBL Sync="TRUE">-180.000000</westBL><eastBL Sync="TRUE">180.000000</eastBL><northBL Sync="TRUE">90.000000</northBL><southBL Sync="TRUE">-90.000000</southBL></GeoBndBox></geoEle></dataExt></dataIdInfo><mdLang><languageCode value="eng" Sync="TRUE"></languageCode><countryCode value="AUS" Sync="TRUE"></countryCode></mdLang><distInfo><distFormat><formatName Sync="TRUE">SDE Feature Class</formatName></distFormat></distInfo><mdHrLv><ScopeCd value="005" Sync="TRUE"></ScopeCd></mdHrLv><mdHrLvName Sync="TRUE">dataset</mdHrLvName><refSysInfo><RefSystem><refSysID><identCode code="4283" Sync="TRUE"></identCode><idCodeSpace Sync="TRUE">EPSG</idCodeSpace><idVersion Sync="TRUE">8.2.6</idVersion></refSysID></RefSystem></refSysInfo><spatRepInfo><VectSpatRep><geometObjs Name="VISITOR.PV_ASSET"><geoObjTyp><GeoObjTypCd value="004" Sync="TRUE"></GeoObjTypCd></geoObjTyp><geoObjCnt Sync="TRUE">29455</geoObjCnt></geometObjs><topLvl><TopoLevCd value="001" Sync="TRUE"></TopoLevCd></topLvl></VectSpatRep></spatRepInfo><spdoinfo><ptvctinf><esriterm Name="VISITOR.PV_ASSET"><efeatyp Sync="TRUE">Simple</efeatyp><efeageom code="1" Sync="TRUE"></efeageom><esritopo Sync="TRUE">FALSE</esritopo><efeacnt Sync="TRUE">29455</efeacnt><spindex Sync="TRUE">TRUE</spindex><linrefer Sync="TRUE">FALSE</linrefer></esriterm></ptvctinf></spdoinfo><eainfo><detailed Name="VISITOR.PV_ASSET"><enttyp><enttypl Sync="TRUE">VISITOR.PV_ASSET</enttypl><enttypt Sync="TRUE">Feature Class</enttypt><enttypc Sync="TRUE">29455</enttypc></enttyp><attr><attrlabl Sync="TRUE">OBJECTID</attrlabl><attalias Sync="TRUE">OBJECTID</attalias><attrtype Sync="TRUE">OID</attrtype><attwidth Sync="TRUE">4</attwidth><atprecis Sync="TRUE">10</atprecis><attscale Sync="TRUE">0</attscale><attrdef Sync="TRUE">Internal feature number.</attrdef><attrdefs Sync="TRUE">Esri</attrdefs><attrdomv><udom Sync="TRUE">Sequential unique whole numbers that are automatically generated.</udom></attrdomv></attr><attr><attrlabl Sync="TRUE">REGION_NAME</attrlabl><attalias Sync="TRUE">REGION_NAME</attalias><attrtype Sync="TRUE">String</attrtype><attwidth Sync="TRUE">255</attwidth><atprecis Sync="TRUE">0</atprecis><attscale Sync="TRUE">0</attscale></attr><attr><attrlabl Sync="TRUE">DISTRICT_NAME</attrlabl><attalias Sync="TRUE">DISTRICT_NAME</attalias><attrtype Sync="TRUE">String</attrtype><attwidth Sync="TRUE">255</attwidth><atprecis Sync="TRUE">0</atprecis><attscale Sync="TRUE">0</attscale></attr><attr><attrlabl Sync="TRUE">RIC_AREA_NAME</attrlabl><attalias Sync="TRUE">RIC_AREA_NAME</attalias><attrtype Sync="TRUE">String</attrtype><attwidth Sync="TRUE">255</attwidth><atprecis Sync="TRUE">0</atprecis><attscale Sync="TRUE">0</attscale></attr><attr><attrlabl Sync="TRUE">PARK_NAME</attrlabl><attalias Sync="TRUE">PARK_NAME</attalias><attrtype Sync="TRUE">String</attrtype><attwidth Sync="TRUE">255</attwidth><atprecis Sync="TRUE">0</atprecis><attscale Sync="TRUE">0</attscale></attr><attr><attrlabl Sync="TRUE">PARK_ID</attrlabl><attalias Sync="TRUE">PARK_ID</attalias><attrtype Sync="TRUE">Double</attrtype><attwidth Sync="TRUE">8</attwidth><atprecis Sync="TRUE">38</atprecis><attscale Sync="TRUE">8</attscale></attr><attr><attrlabl Sync="TRUE">SITE_NAME</attrlabl><attalias Sync="TRUE">SITE_NAME</attalias><attrtype Sync="TRUE">String</attrtype><attwidth Sync="TRUE">255</attwidth><atprecis Sync="TRUE">0</atprecis><attscale Sync="TRUE">0</attscale></attr><attr><attrlabl Sync="TRUE">ASSET_ID</attrlabl><attalias Sync="TRUE">ASSET_ID</attalias><attrtype Sync="TRUE">Double</attrtype><attwidth Sync="TRUE">8</attwidth><atprecis Sync="TRUE">38</atprecis><attscale Sync="TRUE">8</attscale></attr><attr><attrlabl Sync="TRUE">ASSET_CLASS</attrlabl><attalias Sync="TRUE">ASSET_CLASS</attalias><attrtype Sync="TRUE">String</attrtype><attwidth Sync="TRUE">255</attwidth><atprecis Sync="TRUE">0</atprecis><attscale Sync="TRUE">0</attscale></attr><attr><attrlabl Sync="TRUE">ASSET_TYPE</attrlabl><attalias Sync="TRUE">ASSET_TYPE</attalias><attrtype Sync="TRUE">String</attrtype><attwidth Sync="TRUE">255</attwidth><atprecis Sync="TRUE">0</atprecis><attscale Sync="TRUE">0</attscale></attr><attr><attrlabl Sync="TRUE">ASSET_DESCRIPTION</attrlabl><attalias Sync="TRUE">ASSET_DESCRIPTION</attalias><attrtype Sync="TRUE">String</attrtype><attwidth Sync="TRUE">255</attwidth><atprecis Sync="TRUE">0</atprecis><attscale Sync="TRUE">0</attscale></attr><attr><attrlabl Sync="TRUE">ASSET_OWNER</attrlabl><attalias Sync="TRUE">ASSET_OWNER</attalias><attrtype Sync="TRUE">String</attrtype><attwidth Sync="TRUE">255</attwidth><atprecis Sync="TRUE">0</atprecis><attscale Sync="TRUE">0</attscale></attr><attr><attrlabl Sync="TRUE">LEASED</attrlabl><attalias Sync="TRUE">LEASED</attalias><attrtype Sync="TRUE">String</attrtype><attwidth Sync="TRUE">255</attwidth><atprecis Sync="TRUE">0</atprecis><attscale Sync="TRUE">0</attscale></attr><attr><attrlabl Sync="TRUE">HERITAGE_VALUES</attrlabl><attalias Sync="TRUE">HERITAGE_VALUES</attalias><attrtype Sync="TRUE">String</attrtype><attwidth Sync="TRUE">255</attwidth><atprecis Sync="TRUE">0</atprecis><attscale Sync="TRUE">0</attscale></attr><attr><attrlabl Sync="TRUE">ASSET_RECORD_STATUS</attrlabl><attalias Sync="TRUE">ASSET_RECORD_STATUS</attalias><attrtype Sync="TRUE">String</attrtype><attwidth Sync="TRUE">255</attwidth><atprecis Sync="TRUE">0</atprecis><attscale Sync="TRUE">0</attscale></attr><attr><attrlabl Sync="TRUE">EST_REPLACEMENT_VALUE</attrlabl><attalias Sync="TRUE">EST_REPLACEMENT_VALUE</attalias><attrtype Sync="TRUE">Double</attrtype><attwidth Sync="TRUE">8</attwidth><atprecis Sync="TRUE">38</atprecis><attscale Sync="TRUE">8</attscale></attr><attr><attrlabl Sync="TRUE">LOCATION_CAPTURE_METHOD</attrlabl><attalias Sync="TRUE">LOCATION_CAPTURE_METHOD</attalias><attrtype Sync="TRUE">String</attrtype><attwidth Sync="TRUE">255</attwidth><atprecis Sync="TRUE">0</atprecis><attscale Sync="TRUE">0</attscale></attr><attr><attrlabl Sync="TRUE">MGA_ZONE</attrlabl><attalias Sync="TRUE">MGA_ZONE</attalias><attrtype Sync="TRUE">String</attrtype><attwidth Sync="TRUE">20</attwidth><atprecis Sync="TRUE">0</atprecis><attscale Sync="TRUE">0</attscale></attr><attr><attrlabl Sync="TRUE">MGA_EASTING</attrlabl><attalias Sync="TRUE">MGA_EASTING</attalias><attrtype Sync="TRUE">Double</attrtype><attwidth Sync="TRUE">8</attwidth><atprecis Sync="TRUE">38</atprecis><attscale Sync="TRUE">8</attscale></attr><attr><attrlabl Sync="TRUE">MGA_NORTHING</attrlabl><attalias Sync="TRUE">MGA_NORTHING</attalias><attrtype Sync="TRUE">Double</attrtype><attwidth Sync="TRUE">8</attwidth><atprecis Sync="TRUE">38</atprecis><attscale Sync="TRUE">8</attscale></attr><attr><attrlabl Sync="TRUE">OVERALL_CONDITION</attrlabl><attalias Sync="TRUE">OVERALL_CONDITION</attalias><attrtype Sync="TRUE">String</attrtype><attwidth Sync="TRUE">255</attwidth><atprecis Sync="TRUE">0</atprecis><attscale Sync="TRUE">0</attscale></attr><attr><attrlabl Sync="TRUE">CONDITION_COMMENT</attrlabl><attalias Sync="TRUE">CONDITION_COMMENT</attalias><attrtype Sync="TRUE">String</attrtype><attwidth Sync="TRUE">255</attwidth><atprecis Sync="TRUE">0</atprecis><attscale Sync="TRUE">0</attscale></attr><attr><attrlabl Sync="TRUE">DATE_ASSET_CONDITION_UPDATED</attrlabl><attalias Sync="TRUE">DATE_ASSET_CONDITION_UPDATED</attalias><attrtype Sync="TRUE">String</attrtype><attwidth Sync="TRUE">255</attwidth><atprecis Sync="TRUE">0</atprecis><attscale Sync="TRUE">0</attscale></attr><attr><attrlabl Sync="TRUE">PV_FIELD_INSPECTOR</attrlabl><attalias Sync="TRUE">PV_FIELD_INSPECTOR</attalias><attrtype Sync="TRUE">String</attrtype><attwidth Sync="TRUE">255</attwidth><atprecis Sync="TRUE">0</atprecis><attscale Sync="TRUE">0</attscale></attr><attr><attrlabl Sync="TRUE">DATE_LAST_PV_FIELD_INSPECTION</attrlabl><attalias Sync="TRUE">DATE_LAST_PV_FIELD_INSPECTION</attalias><attrtype Sync="TRUE">Date</attrtype><attwidth Sync="TRUE">36</attwidth><atprecis Sync="TRUE">0</atprecis><attscale Sync="TRUE">0</attscale></attr><attr><attrlabl Sync="TRUE">PV_MANAGEMENT_COMMENT</attrlabl><attalias Sync="TRUE">PV_MANAGEMENT_COMMENT</attalias><attrtype Sync="TRUE">String</attrtype><attwidth Sync="TRUE">255</attwidth><atprecis Sync="TRUE">0</atprecis><attscale Sync="TRUE">0</attscale></attr><attr><attrlabl Sync="TRUE">DATE_OF_MANAGEMENT_COMMENT</attrlabl><attalias Sync="TRUE">DATE_OF_MANAGEMENT_COMMENT</attalias><attrtype Sync="TRUE">Date</attrtype><attwidth Sync="TRUE">36</attwidth><atprecis Sync="TRUE">0</atprecis><attscale Sync="TRUE">0</attscale></attr><attr><attrlabl Sync="TRUE">DAMAGE_BY_EVENT_FFS</attrlabl><attalias Sync="TRUE">DAMAGE_BY_EVENT_FFS</attalias><attrtype Sync="TRUE">String</attrtype><attwidth Sync="TRUE">255</attwidth><atprecis Sync="TRUE">0</atprecis><attscale Sync="TRUE">0</attscale></attr><attr><attrlabl Sync="TRUE">ASSET_OPERATIONAL_STATUS</attrlabl><attalias Sync="TRUE">ASSET_OPERATIONAL_STATUS</attalias><attrtype Sync="TRUE">String</attrtype><attwidth Sync="TRUE">255</attwidth><atprecis Sync="TRUE">0</atprecis><attscale Sync="TRUE">0</attscale></attr><attr><attrlabl Sync="TRUE">DATE_OPERATIONAL_STATUS</attrlabl><attalias Sync="TRUE">DATE_OPERATIONAL_STATUS</attalias><attrtype Sync="TRUE">Date</attrtype><attwidth Sync="TRUE">36</attwidth><atprecis Sync="TRUE">0</atprecis><attscale Sync="TRUE">0</attscale></attr><attr><attrlabl Sync="TRUE">TECH_ASSESS_COMPLETED</attrlabl><attalias Sync="TRUE">TECH_ASSESS_COMPLETED</attalias><attrtype Sync="TRUE">String</attrtype><attwidth Sync="TRUE">255</attwidth><atprecis Sync="TRUE">0</atprecis><attscale Sync="TRUE">0</attscale></attr><attr><attrlabl Sync="TRUE">TECH_ASSESS_CONDITION_RATING</attrlabl><attalias Sync="TRUE">TECH_ASSESS_CONDITION_RATING</attalias><attrtype Sync="TRUE">String</attrtype><attwidth Sync="TRUE">255</attwidth><atprecis Sync="TRUE">0</atprecis><attscale Sync="TRUE">0</attscale></attr><attr><attrlabl Sync="TRUE">DATE_OF_LAST_TECH_ASSESS</attrlabl><attalias Sync="TRUE">DATE_OF_LAST_TECH_ASSESS</attalias><attrtype Sync="TRUE">Date</attrtype><attwidth Sync="TRUE">36</attwidth><atprecis Sync="TRUE">0</atprecis><attscale Sync="TRUE">0</attscale></attr><attr><attrlabl Sync="TRUE">DUE_DATE_NEXT_TECH_ASSESS</attrlabl><attalias Sync="TRUE">DUE_DATE_NEXT_TECH_ASSESS</attalias><attrtype Sync="TRUE">Date</attrtype><attwidth Sync="TRUE">36</attwidth><atprecis Sync="TRUE">0</atprecis><attscale Sync="TRUE">0</attscale></attr><attr><attrlabl Sync="TRUE">PV_MGT_ACTIONS_COMPLETED</attrlabl><attalias Sync="TRUE">PV_MGT_ACTIONS_COMPLETED</attalias><attrtype Sync="TRUE">String</attrtype><attwidth Sync="TRUE">255</attwidth><atprecis Sync="TRUE">0</atprecis><attscale Sync="TRUE">0</attscale></attr><attr><attrlabl Sync="TRUE">DATE_ASSET_DETAIL_UPDATED</attrlabl><attalias Sync="TRUE">DATE_ASSET_DETAIL_UPDATED</attalias><attrtype Sync="TRUE">Date</attrtype><attwidth Sync="TRUE">36</attwidth><atprecis Sync="TRUE">0</atprecis><attscale Sync="TRUE">0</attscale></attr><attr><attrlabl Sync="TRUE">ASSET_DETAIL_UPDATED_BY</attrlabl><attalias Sync="TRUE">ASSET_DETAIL_UPDATED_BY</attalias><attrtype Sync="TRUE">String</attrtype><attwidth Sync="TRUE">225</attwidth><atprecis Sync="TRUE">0</atprecis><attscale Sync="TRUE">0</attscale></attr><attr><attrlabl Sync="TRUE">OLD_ASSET_ID</attrlabl><attalias Sync="TRUE">OLD_ASSET_ID</attalias><attrtype Sync="TRUE">String</attrtype><attwidth Sync="TRUE">255</attwidth><atprecis Sync="TRUE">0</atprecis><attscale Sync="TRUE">0</attscale></attr><attr><attrlabl Sync="TRUE">PLUGIN_PHOTO</attrlabl><attalias Sync="TRUE">PLUGIN_PHOTO</attalias><attrtype Sync="TRUE">String</attrtype><attwidth Sync="TRUE">255</attwidth><atprecis Sync="TRUE">0</atprecis><attscale Sync="TRUE">0</attscale></attr><attr><attrlabl Sync="TRUE">SE_ANNO_CAD_DATA</attrlabl><attalias Sync="TRUE">SE_ANNO_CAD_DATA</attalias><attrtype Sync="TRUE">Blob</attrtype><attwidth Sync="TRUE">0</attwidth><atprecis Sync="TRUE">0</atprecis><attscale Sync="TRUE">0</attscale></attr><attr><attrlabl Sync="TRUE">SHAPE</attrlabl><attalias Sync="TRUE">SHAPE</attalias><attrtype Sync="TRUE">Geometry</attrtype><attwidth Sync="TRUE">4</attwidth><atprecis Sync="TRUE">0</atprecis><attscale Sync="TRUE">0</attscale><attrdef Sync="TRUE">Feature geometry.</attrdef><attrdefs Sync="TRUE">Esri</attrdefs><attrdomv><udom Sync="TRUE">Coordinates defining the features.</udom></attrdomv></attr></detailed></eainfo><mdDateSt Sync="TRUE">20140821</mdDateSt></metadata>
